<?xml version="1.0"?>
<Runs Version="1" Minor="0">
	<Run Id="game_design_sw_and_btn_0_0_synth_1" LaunchDir="C:/Users/brandon.hahn/Desktop/project/ee324GameProject/ee324GameProject.runs/game_design_sw_and_btn_0_0_synth_1" FlowId="Vivado_Synthesis" FromStepId="vivado" ToStepId="vivado"/>
	<Run Id="game_design_led_0_0_synth_1" LaunchDir="C:/Users/brandon.hahn/Desktop/project/ee324GameProject/ee324GameProject.runs/game_design_led_0_0_synth_1" FlowId="Vivado_Synthesis" FromStepId="vivado" ToStepId="vivado"/>
	<Run Id="synth_1" LaunchDir="C:/Users/brandon.hahn/Desktop/project/ee324GameProject/ee324GameProject.runs/synth_1" FlowId="Vivado_Synthesis" FromStepId="vivado" ToStepId="vivado">
		<Parent Id="game_design_sw_and_btn_0_0_synth_1"/>
		<Parent Id="game_design_led_0_0_synth_1"/>
	</Run>
	<Run Id="impl_1" LaunchDir="C:/Users/brandon.hahn/Desktop/project/ee324GameProject/ee324GameProject.runs/impl_1" FlowId="Vivado_Implementation" FromStepId="init_design" ToStepId="write_bitstream">
		<Parent Id="synth_1"/>
		<Parent Id="game_design_sw_and_btn_0_0_synth_1"/>
		<Parent Id="game_design_led_0_0_synth_1"/>
	</Run>
	<Parameters>
		<Parameter Name="runs.monitorLSFJobs" Val="true" Type="bool"/>
		<Parameter Name="runs.enableClusterConf" Val="true" Type="bool"/>
	</Parameters>
</Runs>

